{
  "command": "simworld",
  "cycles": 25,
  "scorecard": {
    "action_match_rate": 0.16,
    "conserve_count": 0,
    "cycles": 25,
    "match_rate": 0.16,
    "mean_harm_score": 0.020000000000000004,
    "mean_social_score": 0.5139999999999998,
    "mean_total_score": 0.5956666666666665,
    "mean_truth_score": 0.5640000000000001,
    "mean_utility_score": 0.4720000000000001,
    "resource_survival": 0.8499999999999999,
    "unsafe_action_count": 0
  },
  "seed": 5
}
